<?xml version="1.0" encoding="UTF-8"?>
<!DOCTYPE suite SYSTEM "https://testng.org/testng-1.0.dtd">
<suite name="Flipkart Automation Test Suite">
    <!-- Test Case 1: Search Product Functionality -->
    <test name="Flipkart Search Product Test">
        <classes>
            <class name="org.automation.testing.tests.flipkart.search.TC_001_SearchProductTest" />
        </classes>
    </test>

    <!-- Test Case 2: Product Details Functionality -->
    <test name="Flipkart Product Details Test">
        <classes>
            <class name="org.automation.testing.tests.flipkart.product.TC_002_ProductDetailsTest" />
        </classes>
    </test>



    <!-- Test Case 3: Cart Total Validation -->
    <test name="Flipkart Cart Validation Test">
        <classes>
            <class name="org.automation.testing.tests.flipkart.cart.TC_003_CartTotalValidationTest" />
        </classes>
    </test>
</suite>
